id,value,sim
11712, 9.278E+01,Mode#8,Frequency=   3.049e+02Hz
974, 9.120E+01,Mode#8,Frequency=   3.049e+02Hz
13364, 8.847E+01,Mode#8,Frequency=   3.049e+02Hz
13836, 8.585E+01,Mode#8,Frequency=   3.049e+02Hz
16909, 9.761E+01,Mode#8,Frequency=   3.049e+02Hz
16975, 9.273E+01,Mode#8,Frequency=   3.049e+02Hz
16976, 8.670E+01,Mode#8,Frequency=   3.049e+02Hz
17780, 9.761E+01,Mode#8,Frequency=   3.049e+02Hz
16640, 8.314E+01,Mode#8,Frequency=   3.049e+02Hz
16641, 7.277E+01,Mode#8,Frequency=   3.049e+02Hz
17109, 9.968E+01,Mode#8,Frequency=   3.049e+02Hz
17110, 9.622E+01,Mode#8,Frequency=   3.049e+02Hz
16706, 9.803E+01,Mode#8,Frequency=   3.049e+02Hz
16707, 7.314E+01,Mode#8,Frequency=   3.049e+02Hz
16708, 5.675E+01,Mode#8,Frequency=   3.049e+02Hz
16774, 9.096E+01,Mode#8,Frequency=   3.049e+02Hz
16775, 8.500E+01,Mode#8,Frequency=   3.049e+02Hz
17712, 9.273E+01,Mode#8,Frequency=   3.049e+02Hz
17713, 8.670E+01,Mode#8,Frequency=   3.049e+02Hz
17846, 9.968E+01,Mode#8,Frequency=   3.049e+02Hz
17847, 9.622E+01,Mode#8,Frequency=   3.049e+02Hz
18047, 8.314E+01,Mode#8,Frequency=   3.049e+02Hz
18048, 7.277E+01,Mode#8,Frequency=   3.049e+02Hz
16505, 9.629E+01,Mode#8,Frequency=   3.049e+02Hz
16506, 6.456E+01,Mode#8,Frequency=   3.049e+02Hz
16507, 4.020E+01,Mode#8,Frequency=   3.049e+02Hz
16840, 9.732E+01,Mode#8,Frequency=   3.049e+02Hz
16841, 8.127E+01,Mode#8,Frequency=   3.049e+02Hz
16842, 7.191E+01,Mode#8,Frequency=   3.049e+02Hz
16572, 9.368E+01,Mode#8,Frequency=   3.049e+02Hz
16573, 7.203E+01,Mode#8,Frequency=   3.049e+02Hz
16574, 5.826E+01,Mode#8,Frequency=   3.049e+02Hz
18181, 9.096E+01,Mode#8,Frequency=   3.049e+02Hz
18182, 8.500E+01,Mode#8,Frequency=   3.049e+02Hz
23207, 9.836E+01,Mode#8,Frequency=   3.049e+02Hz
18113, 9.732E+01,Mode#8,Frequency=   3.049e+02Hz
18114, 8.127E+01,Mode#8,Frequency=   3.049e+02Hz
18115, 7.191E+01,Mode#8,Frequency=   3.049e+02Hz
23273, 9.322E+01,Mode#8,Frequency=   3.049e+02Hz
23274, 8.809E+01,Mode#8,Frequency=   3.049e+02Hz
16371, 9.573E+01,Mode#8,Frequency=   3.049e+02Hz
16372, 5.947E+01,Mode#8,Frequency=   3.049e+02Hz
16373, 2.688E+01,Mode#8,Frequency=   3.049e+02Hz
16438, 9.206E+01,Mode#8,Frequency=   3.049e+02Hz
16439, 6.569E+01,Mode#8,Frequency=   3.049e+02Hz
16440, 4.727E+01,Mode#8,Frequency=   3.049e+02Hz
20058, 9.836E+01,Mode#8,Frequency=   3.049e+02Hz
20525, 9.807E+01,Mode#8,Frequency=   3.049e+02Hz
20526, 8.440E+01,Mode#8,Frequency=   3.049e+02Hz
20527, 7.666E+01,Mode#8,Frequency=   3.049e+02Hz
16237, 9.573E+01,Mode#8,Frequency=   3.049e+02Hz
16238, 5.947E+01,Mode#8,Frequency=   3.049e+02Hz
16239, 2.688E+01,Mode#8,Frequency=   3.049e+02Hz
16304, 9.206E+01,Mode#8,Frequency=   3.049e+02Hz
16305, 6.569E+01,Mode#8,Frequency=   3.049e+02Hz
16306, 4.727E+01,Mode#8,Frequency=   3.049e+02Hz
19990, 9.322E+01,Mode#8,Frequency=   3.049e+02Hz
19991, 8.809E+01,Mode#8,Frequency=   3.049e+02Hz
20391, 9.430E+01,Mode#8,Frequency=   3.049e+02Hz
20392, 7.562E+01,Mode#8,Frequency=   3.049e+02Hz
20393, 6.428E+01,Mode#8,Frequency=   3.049e+02Hz
20458, 9.807E+01,Mode#8,Frequency=   3.049e+02Hz
20459, 8.440E+01,Mode#8,Frequency=   3.049e+02Hz
20460, 7.666E+01,Mode#8,Frequency=   3.049e+02Hz
20593, 9.467E+01,Mode#8,Frequency=   3.049e+02Hz
20594, 8.994E+01,Mode#8,Frequency=   3.049e+02Hz
18314, 9.368E+01,Mode#8,Frequency=   3.049e+02Hz
18315, 7.203E+01,Mode#8,Frequency=   3.049e+02Hz
18316, 5.826E+01,Mode#8,Frequency=   3.049e+02Hz
18448, 9.206E+01,Mode#8,Frequency=   3.049e+02Hz
18449, 6.569E+01,Mode#8,Frequency=   3.049e+02Hz
18450, 4.727E+01,Mode#8,Frequency=   3.049e+02Hz
23004, 9.807E+01,Mode#8,Frequency=   3.049e+02Hz
23005, 8.440E+01,Mode#8,Frequency=   3.049e+02Hz
23006, 7.666E+01,Mode#8,Frequency=   3.049e+02Hz
17979, 9.803E+01,Mode#8,Frequency=   3.049e+02Hz
17980, 7.314E+01,Mode#8,Frequency=   3.049e+02Hz
17981, 5.675E+01,Mode#8,Frequency=   3.049e+02Hz
18247, 9.629E+01,Mode#8,Frequency=   3.049e+02Hz
18248, 6.456E+01,Mode#8,Frequency=   3.049e+02Hz
18249, 4.020E+01,Mode#8,Frequency=   3.049e+02Hz
18381, 9.573E+01,Mode#8,Frequency=   3.049e+02Hz
18382, 5.947E+01,Mode#8,Frequency=   3.049e+02Hz
18383, 2.688E+01,Mode#8,Frequency=   3.049e+02Hz
7740, 7.857E+01,Mode#8,Frequency=   3.049e+02Hz
7741, 4.629E+01,Mode#8,Frequency=   3.049e+02Hz
7742, 2.653E+01,Mode#8,Frequency=   3.049e+02Hz
7743, 1.757E+01,Mode#8,Frequency=   3.049e+02Hz
7744, 1.558E+01,Mode#8,Frequency=   3.049e+02Hz
7745, 1.555E+01,Mode#8,Frequency=   3.049e+02Hz
7975, 8.319E+01,Mode#8,Frequency=   3.049e+02Hz
7976, 4.238E+01,Mode#8,Frequency=   3.049e+02Hz
7977, 2.478E+01,Mode#8,Frequency=   3.049e+02Hz
7978, 3.258E+01,Mode#8,Frequency=   3.049e+02Hz
7979, 4.244E+01,Mode#8,Frequency=   3.049e+02Hz
7980, 4.832E+01,Mode#8,Frequency=   3.049e+02Hz
7981, 5.083E+01,Mode#8,Frequency=   3.049e+02Hz
5851, 9.883E+01,Mode#8,Frequency=   3.049e+02Hz
5852, 7.482E+01,Mode#8,Frequency=   3.049e+02Hz
5853, 7.081E+01,Mode#8,Frequency=   3.049e+02Hz
5854, 7.547E+01,Mode#8,Frequency=   3.049e+02Hz
5855, 8.040E+01,Mode#8,Frequency=   3.049e+02Hz
5856, 8.340E+01,Mode#8,Frequency=   3.049e+02Hz
5857, 8.456E+01,Mode#8,Frequency=   3.049e+02Hz
6330, 9.995E+01,Mode#8,Frequency=   3.049e+02Hz
7746, 1.524E+01,Mode#8,Frequency=   3.049e+02Hz
7747, 1.446E+01,Mode#8,Frequency=   3.049e+02Hz
7748, 1.346E+01,Mode#8,Frequency=   3.049e+02Hz
7749, 1.245E+01,Mode#8,Frequency=   3.049e+02Hz
7750, 1.177E+01,Mode#8,Frequency=   3.049e+02Hz
7751, 1.233E+01,Mode#8,Frequency=   3.049e+02Hz
7752, 1.245E+01,Mode#8,Frequency=   3.049e+02Hz
7753, 1.268E+01,Mode#8,Frequency=   3.049e+02Hz
7754, 1.290E+01,Mode#8,Frequency=   3.049e+02Hz
7755, 1.309E+01,Mode#8,Frequency=   3.049e+02Hz
7982, 5.113E+01,Mode#8,Frequency=   3.049e+02Hz
7983, 5.022E+01,Mode#8,Frequency=   3.049e+02Hz
7984, 4.883E+01,Mode#8,Frequency=   3.049e+02Hz
7985, 4.741E+01,Mode#8,Frequency=   3.049e+02Hz
7986, 4.643E+01,Mode#8,Frequency=   3.049e+02Hz
7987, 4.694E+01,Mode#8,Frequency=   3.049e+02Hz
7988, 4.715E+01,Mode#8,Frequency=   3.049e+02Hz
7989, 4.748E+01,Mode#8,Frequency=   3.049e+02Hz
7990, 4.778E+01,Mode#8,Frequency=   3.049e+02Hz
7991, 4.805E+01,Mode#8,Frequency=   3.049e+02Hz
5858, 8.446E+01,Mode#8,Frequency=   3.049e+02Hz
5859, 8.370E+01,Mode#8,Frequency=   3.049e+02Hz
5860, 8.271E+01,Mode#8,Frequency=   3.049e+02Hz
5861, 8.164E+01,Mode#8,Frequency=   3.049e+02Hz
5862, 8.092E+01,Mode#8,Frequency=   3.049e+02Hz
5863, 8.150E+01,Mode#8,Frequency=   3.049e+02Hz
5864, 8.156E+01,Mode#8,Frequency=   3.049e+02Hz
5865, 8.167E+01,Mode#8,Frequency=   3.049e+02Hz
5866, 8.183E+01,Mode#8,Frequency=   3.049e+02Hz
5867, 8.192E+01,Mode#8,Frequency=   3.049e+02Hz
5262, 8.967E+01,Mode#8,Frequency=   3.049e+02Hz
5263, 8.150E+01,Mode#8,Frequency=   3.049e+02Hz
5264, 8.253E+01,Mode#8,Frequency=   3.049e+02Hz
5265, 8.491E+01,Mode#8,Frequency=   3.049e+02Hz
5266, 8.615E+01,Mode#8,Frequency=   3.049e+02Hz
5267, 8.617E+01,Mode#8,Frequency=   3.049e+02Hz
3374, 9.713E+01,Mode#8,Frequency=   3.049e+02Hz
3375, 8.368E+01,Mode#8,Frequency=   3.049e+02Hz
3376, 8.118E+01,Mode#8,Frequency=   3.049e+02Hz
3377, 8.156E+01,Mode#8,Frequency=   3.049e+02Hz
3378, 8.152E+01,Mode#8,Frequency=   3.049e+02Hz
3379, 8.067E+01,Mode#8,Frequency=   3.049e+02Hz
5268, 8.539E+01,Mode#8,Frequency=   3.049e+02Hz
5269, 8.429E+01,Mode#8,Frequency=   3.049e+02Hz
5270, 8.313E+01,Mode#8,Frequency=   3.049e+02Hz
5271, 8.202E+01,Mode#8,Frequency=   3.049e+02Hz
5272, 8.129E+01,Mode#8,Frequency=   3.049e+02Hz
5273, 8.180E+01,Mode#8,Frequency=   3.049e+02Hz
5274, 8.177E+01,Mode#8,Frequency=   3.049e+02Hz
5275, 8.178E+01,Mode#8,Frequency=   3.049e+02Hz
5276, 8.182E+01,Mode#8,Frequency=   3.049e+02Hz
5277, 8.184E+01,Mode#8,Frequency=   3.049e+02Hz
3380, 7.935E+01,Mode#8,Frequency=   3.049e+02Hz
3381, 7.793E+01,Mode#8,Frequency=   3.049e+02Hz
3382, 7.662E+01,Mode#8,Frequency=   3.049e+02Hz
3383, 7.547E+01,Mode#8,Frequency=   3.049e+02Hz
3384, 7.474E+01,Mode#8,Frequency=   3.049e+02Hz
3385, 7.519E+01,Mode#8,Frequency=   3.049e+02Hz
3386, 7.503E+01,Mode#8,Frequency=   3.049e+02Hz
3387, 7.496E+01,Mode#8,Frequency=   3.049e+02Hz
3388, 7.494E+01,Mode#8,Frequency=   3.049e+02Hz
3389, 7.491E+01,Mode#8,Frequency=   3.049e+02Hz
12302, 8.498E+01,Mode#8,Frequency=   3.049e+02Hz
14426, 8.807E+01,Mode#8,Frequency=   3.049e+02Hz
10177, 9.228E+01,Mode#8,Frequency=   3.049e+02Hz
10176, 9.644E+01,Mode#8,Frequency=   3.049e+02Hz
20124, 9.322E+01,Mode#8,Frequency=   3.049e+02Hz
20125, 8.809E+01,Mode#8,Frequency=   3.049e+02Hz
16103, 9.629E+01,Mode#8,Frequency=   3.049e+02Hz
16104, 6.456E+01,Mode#8,Frequency=   3.049e+02Hz
16105, 4.020E+01,Mode#8,Frequency=   3.049e+02Hz
16170, 9.368E+01,Mode#8,Frequency=   3.049e+02Hz
16171, 7.203E+01,Mode#8,Frequency=   3.049e+02Hz
16172, 5.826E+01,Mode#8,Frequency=   3.049e+02Hz
20192, 9.836E+01,Mode#8,Frequency=   3.049e+02Hz
22870, 9.430E+01,Mode#8,Frequency=   3.049e+02Hz
22871, 7.562E+01,Mode#8,Frequency=   3.049e+02Hz
22872, 6.428E+01,Mode#8,Frequency=   3.049e+02Hz
22938, 9.467E+01,Mode#8,Frequency=   3.049e+02Hz
22939, 8.994E+01,Mode#8,Frequency=   3.049e+02Hz
18582, 9.206E+01,Mode#8,Frequency=   3.049e+02Hz
18583, 6.569E+01,Mode#8,Frequency=   3.049e+02Hz
18584, 4.727E+01,Mode#8,Frequency=   3.049e+02Hz
22803, 9.807E+01,Mode#8,Frequency=   3.049e+02Hz
22804, 8.440E+01,Mode#8,Frequency=   3.049e+02Hz
22805, 7.666E+01,Mode#8,Frequency=   3.049e+02Hz
15969, 9.732E+01,Mode#8,Frequency=   3.049e+02Hz
15970, 8.127E+01,Mode#8,Frequency=   3.049e+02Hz
15971, 7.191E+01,Mode#8,Frequency=   3.049e+02Hz
15835, 9.803E+01,Mode#8,Frequency=   3.049e+02Hz
15836, 7.314E+01,Mode#8,Frequency=   3.049e+02Hz
15837, 5.675E+01,Mode#8,Frequency=   3.049e+02Hz
16037, 9.096E+01,Mode#8,Frequency=   3.049e+02Hz
16038, 8.500E+01,Mode#8,Frequency=   3.049e+02Hz
18716, 9.368E+01,Mode#8,Frequency=   3.049e+02Hz
18717, 7.203E+01,Mode#8,Frequency=   3.049e+02Hz
18718, 5.826E+01,Mode#8,Frequency=   3.049e+02Hz
23407, 9.322E+01,Mode#8,Frequency=   3.049e+02Hz
23408, 8.809E+01,Mode#8,Frequency=   3.049e+02Hz
18984, 9.732E+01,Mode#8,Frequency=   3.049e+02Hz
18985, 8.127E+01,Mode#8,Frequency=   3.049e+02Hz
18986, 7.191E+01,Mode#8,Frequency=   3.049e+02Hz
23341, 9.836E+01,Mode#8,Frequency=   3.049e+02Hz
18515, 9.573E+01,Mode#8,Frequency=   3.049e+02Hz
18516, 5.947E+01,Mode#8,Frequency=   3.049e+02Hz
18517, 2.688E+01,Mode#8,Frequency=   3.049e+02Hz
18649, 9.629E+01,Mode#8,Frequency=   3.049e+02Hz
18650, 6.456E+01,Mode#8,Frequency=   3.049e+02Hz
18651, 4.020E+01,Mode#8,Frequency=   3.049e+02Hz
15702, 9.968E+01,Mode#8,Frequency=   3.049e+02Hz
15703, 9.622E+01,Mode#8,Frequency=   3.049e+02Hz
15903, 8.314E+01,Mode#8,Frequency=   3.049e+02Hz
15904, 7.277E+01,Mode#8,Frequency=   3.049e+02Hz
15568, 9.273E+01,Mode#8,Frequency=   3.049e+02Hz
15569, 8.670E+01,Mode#8,Frequency=   3.049e+02Hz
18850, 9.803E+01,Mode#8,Frequency=   3.049e+02Hz
18851, 7.314E+01,Mode#8,Frequency=   3.049e+02Hz
18852, 5.675E+01,Mode#8,Frequency=   3.049e+02Hz
18918, 9.096E+01,Mode#8,Frequency=   3.049e+02Hz
18919, 8.500E+01,Mode#8,Frequency=   3.049e+02Hz
18784, 8.314E+01,Mode#8,Frequency=   3.049e+02Hz
18785, 7.277E+01,Mode#8,Frequency=   3.049e+02Hz
19253, 9.968E+01,Mode#8,Frequency=   3.049e+02Hz
19254, 9.622E+01,Mode#8,Frequency=   3.049e+02Hz
15636, 9.761E+01,Mode#8,Frequency=   3.049e+02Hz
19119, 9.273E+01,Mode#8,Frequency=   3.049e+02Hz
19120, 8.670E+01,Mode#8,Frequency=   3.049e+02Hz
19053, 9.761E+01,Mode#8,Frequency=   3.049e+02Hz
15056, 9.968E+01,Mode#8,Frequency=   3.049e+02Hz
15057, 8.345E+01,Mode#8,Frequency=   3.049e+02Hz
15058, 7.921E+01,Mode#8,Frequency=   3.049e+02Hz
15059, 7.884E+01,Mode#8,Frequency=   3.049e+02Hz
15060, 7.842E+01,Mode#8,Frequency=   3.049e+02Hz
15061, 7.737E+01,Mode#8,Frequency=   3.049e+02Hz
15174, 9.720E+01,Mode#8,Frequency=   3.049e+02Hz
15175, 8.170E+01,Mode#8,Frequency=   3.049e+02Hz
15176, 7.835E+01,Mode#8,Frequency=   3.049e+02Hz
15177, 7.874E+01,Mode#8,Frequency=   3.049e+02Hz
15178, 7.901E+01,Mode#8,Frequency=   3.049e+02Hz
15179, 7.852E+01,Mode#8,Frequency=   3.049e+02Hz
15062, 7.597E+01,Mode#8,Frequency=   3.049e+02Hz
15063, 7.452E+01,Mode#8,Frequency=   3.049e+02Hz
15064, 7.323E+01,Mode#8,Frequency=   3.049e+02Hz
15065, 7.212E+01,Mode#8,Frequency=   3.049e+02Hz
15066, 7.145E+01,Mode#8,Frequency=   3.049e+02Hz
15067, 7.187E+01,Mode#8,Frequency=   3.049e+02Hz
15068, 7.160E+01,Mode#8,Frequency=   3.049e+02Hz
15069, 7.147E+01,Mode#8,Frequency=   3.049e+02Hz
15070, 7.142E+01,Mode#8,Frequency=   3.049e+02Hz
15071, 7.139E+01,Mode#8,Frequency=   3.049e+02Hz
15180, 7.760E+01,Mode#8,Frequency=   3.049e+02Hz
15181, 7.655E+01,Mode#8,Frequency=   3.049e+02Hz
15182, 7.553E+01,Mode#8,Frequency=   3.049e+02Hz
15183, 7.460E+01,Mode#8,Frequency=   3.049e+02Hz
15184, 7.403E+01,Mode#8,Frequency=   3.049e+02Hz
15185, 7.446E+01,Mode#8,Frequency=   3.049e+02Hz
15186, 7.417E+01,Mode#8,Frequency=   3.049e+02Hz
15187, 7.398E+01,Mode#8,Frequency=   3.049e+02Hz
15188, 7.390E+01,Mode#8,Frequency=   3.049e+02Hz
15189, 7.385E+01,Mode#8,Frequency=   3.049e+02Hz
896, 8.919E+01,Mode#8,Frequency=   3.049e+02Hz
897, 7.702E+01,Mode#8,Frequency=   3.049e+02Hz
898, 7.671E+01,Mode#8,Frequency=   3.049e+02Hz
899, 7.929E+01,Mode#8,Frequency=   3.049e+02Hz
900, 8.119E+01,Mode#8,Frequency=   3.049e+02Hz
901, 8.199E+01,Mode#8,Frequency=   3.049e+02Hz
902, 8.201E+01,Mode#8,Frequency=   3.049e+02Hz
9628, 7.463E+01,Mode#8,Frequency=   3.049e+02Hz
9629, 6.389E+01,Mode#8,Frequency=   3.049e+02Hz
9630, 6.658E+01,Mode#8,Frequency=   3.049e+02Hz
9631, 7.200E+01,Mode#8,Frequency=   3.049e+02Hz
9632, 7.612E+01,Mode#8,Frequency=   3.049e+02Hz
9633, 7.854E+01,Mode#8,Frequency=   3.049e+02Hz
9634, 7.969E+01,Mode#8,Frequency=   3.049e+02Hz
4554, 6.093E+01,Mode#8,Frequency=   3.049e+02Hz
4555, 2.805E+01,Mode#8,Frequency=   3.049e+02Hz
4556, 1.997E+01,Mode#8,Frequency=   3.049e+02Hz
4557, 2.922E+01,Mode#8,Frequency=   3.049e+02Hz
4558, 3.728E+01,Mode#8,Frequency=   3.049e+02Hz
4559, 4.205E+01,Mode#8,Frequency=   3.049e+02Hz
4560, 4.443E+01,Mode#8,Frequency=   3.049e+02Hz
7858, 9.684E+01,Mode#8,Frequency=   3.049e+02Hz
7859, 6.034E+01,Mode#8,Frequency=   3.049e+02Hz
7860, 3.558E+01,Mode#8,Frequency=   3.049e+02Hz
7861, 2.053E+01,Mode#8,Frequency=   3.049e+02Hz
7862, 1.319E+01,Mode#8,Frequency=   3.049e+02Hz
7863, 1.102E+01,Mode#8,Frequency=   3.049e+02Hz
7864, 1.094E+01,Mode#8,Frequency=   3.049e+02Hz
903, 8.163E+01,Mode#8,Frequency=   3.049e+02Hz
904, 8.107E+01,Mode#8,Frequency=   3.049e+02Hz
905, 8.042E+01,Mode#8,Frequency=   3.049e+02Hz
906, 7.997E+01,Mode#8,Frequency=   3.049e+02Hz
907, 8.043E+01,Mode#8,Frequency=   3.049e+02Hz
908, 8.013E+01,Mode#8,Frequency=   3.049e+02Hz
909, 7.994E+01,Mode#8,Frequency=   3.049e+02Hz
910, 7.982E+01,Mode#8,Frequency=   3.049e+02Hz
911, 7.972E+01,Mode#8,Frequency=   3.049e+02Hz
9635, 8.002E+01,Mode#8,Frequency=   3.049e+02Hz
9636, 7.991E+01,Mode#8,Frequency=   3.049e+02Hz
9637, 7.951E+01,Mode#8,Frequency=   3.049e+02Hz
9638, 7.916E+01,Mode#8,Frequency=   3.049e+02Hz
9639, 7.962E+01,Mode#8,Frequency=   3.049e+02Hz
9640, 7.926E+01,Mode#8,Frequency=   3.049e+02Hz
9641, 7.903E+01,Mode#8,Frequency=   3.049e+02Hz
9642, 7.890E+01,Mode#8,Frequency=   3.049e+02Hz
9643, 7.876E+01,Mode#8,Frequency=   3.049e+02Hz
4561, 4.533E+01,Mode#8,Frequency=   3.049e+02Hz
4562, 4.540E+01,Mode#8,Frequency=   3.049e+02Hz
4563, 4.500E+01,Mode#8,Frequency=   3.049e+02Hz
4564, 4.453E+01,Mode#8,Frequency=   3.049e+02Hz
4565, 4.476E+01,Mode#8,Frequency=   3.049e+02Hz
4566, 4.417E+01,Mode#8,Frequency=   3.049e+02Hz
4567, 4.381E+01,Mode#8,Frequency=   3.049e+02Hz
4568, 4.354E+01,Mode#8,Frequency=   3.049e+02Hz
4569, 4.334E+01,Mode#8,Frequency=   3.049e+02Hz
7865, 1.108E+01,Mode#8,Frequency=   3.049e+02Hz
7866, 1.103E+01,Mode#8,Frequency=   3.049e+02Hz
7867, 1.076E+01,Mode#8,Frequency=   3.049e+02Hz
7868, 1.047E+01,Mode#8,Frequency=   3.049e+02Hz
7869, 1.077E+01,Mode#8,Frequency=   3.049e+02Hz
7870, 1.044E+01,Mode#8,Frequency=   3.049e+02Hz
7871, 1.026E+01,Mode#8,Frequency=   3.049e+02Hz
7872, 1.013E+01,Mode#8,Frequency=   3.049e+02Hz
7873, 1.006E+01,Mode#8,Frequency=   3.049e+02Hz
40717, 9.761E+01,Mode#8,Frequency=   3.049e+02Hz
40783, 9.273E+01,Mode#8,Frequency=   3.049e+02Hz
40784, 8.670E+01,Mode#8,Frequency=   3.049e+02Hz
41588, 9.761E+01,Mode#8,Frequency=   3.049e+02Hz
40448, 8.314E+01,Mode#8,Frequency=   3.049e+02Hz
40449, 7.277E+01,Mode#8,Frequency=   3.049e+02Hz
40917, 9.968E+01,Mode#8,Frequency=   3.049e+02Hz
40918, 9.622E+01,Mode#8,Frequency=   3.049e+02Hz
40514, 9.803E+01,Mode#8,Frequency=   3.049e+02Hz
40515, 7.314E+01,Mode#8,Frequency=   3.049e+02Hz
40516, 5.675E+01,Mode#8,Frequency=   3.049e+02Hz
40582, 9.096E+01,Mode#8,Frequency=   3.049e+02Hz
40583, 8.500E+01,Mode#8,Frequency=   3.049e+02Hz
41520, 9.273E+01,Mode#8,Frequency=   3.049e+02Hz
41521, 8.670E+01,Mode#8,Frequency=   3.049e+02Hz
41654, 9.968E+01,Mode#8,Frequency=   3.049e+02Hz
41655, 9.622E+01,Mode#8,Frequency=   3.049e+02Hz
41855, 8.314E+01,Mode#8,Frequency=   3.049e+02Hz
41856, 7.277E+01,Mode#8,Frequency=   3.049e+02Hz
40313, 9.629E+01,Mode#8,Frequency=   3.049e+02Hz
40314, 6.456E+01,Mode#8,Frequency=   3.049e+02Hz
40315, 4.020E+01,Mode#8,Frequency=   3.049e+02Hz
40648, 9.732E+01,Mode#8,Frequency=   3.049e+02Hz
40649, 8.127E+01,Mode#8,Frequency=   3.049e+02Hz
40650, 7.191E+01,Mode#8,Frequency=   3.049e+02Hz
40380, 9.368E+01,Mode#8,Frequency=   3.049e+02Hz
40381, 7.203E+01,Mode#8,Frequency=   3.049e+02Hz
40382, 5.826E+01,Mode#8,Frequency=   3.049e+02Hz
41989, 9.096E+01,Mode#8,Frequency=   3.049e+02Hz
41990, 8.500E+01,Mode#8,Frequency=   3.049e+02Hz
47015, 9.836E+01,Mode#8,Frequency=   3.049e+02Hz
41921, 9.732E+01,Mode#8,Frequency=   3.049e+02Hz
41922, 8.127E+01,Mode#8,Frequency=   3.049e+02Hz
41923, 7.191E+01,Mode#8,Frequency=   3.049e+02Hz
47081, 9.322E+01,Mode#8,Frequency=   3.049e+02Hz
47082, 8.809E+01,Mode#8,Frequency=   3.049e+02Hz
40179, 9.573E+01,Mode#8,Frequency=   3.049e+02Hz
40180, 5.947E+01,Mode#8,Frequency=   3.049e+02Hz
40181, 2.688E+01,Mode#8,Frequency=   3.049e+02Hz
40246, 9.206E+01,Mode#8,Frequency=   3.049e+02Hz
40247, 6.569E+01,Mode#8,Frequency=   3.049e+02Hz
40248, 4.727E+01,Mode#8,Frequency=   3.049e+02Hz
43866, 9.836E+01,Mode#8,Frequency=   3.049e+02Hz
44333, 9.807E+01,Mode#8,Frequency=   3.049e+02Hz
44334, 8.440E+01,Mode#8,Frequency=   3.049e+02Hz
44335, 7.666E+01,Mode#8,Frequency=   3.049e+02Hz
40045, 9.573E+01,Mode#8,Frequency=   3.049e+02Hz
40046, 5.947E+01,Mode#8,Frequency=   3.049e+02Hz
40047, 2.688E+01,Mode#8,Frequency=   3.049e+02Hz
40112, 9.206E+01,Mode#8,Frequency=   3.049e+02Hz
40113, 6.569E+01,Mode#8,Frequency=   3.049e+02Hz
40114, 4.727E+01,Mode#8,Frequency=   3.049e+02Hz
43798, 9.322E+01,Mode#8,Frequency=   3.049e+02Hz
43799, 8.809E+01,Mode#8,Frequency=   3.049e+02Hz
44199, 9.430E+01,Mode#8,Frequency=   3.049e+02Hz
44200, 7.562E+01,Mode#8,Frequency=   3.049e+02Hz
44201, 6.428E+01,Mode#8,Frequency=   3.049e+02Hz
44266, 9.807E+01,Mode#8,Frequency=   3.049e+02Hz
44267, 8.440E+01,Mode#8,Frequency=   3.049e+02Hz
44268, 7.666E+01,Mode#8,Frequency=   3.049e+02Hz
44401, 9.467E+01,Mode#8,Frequency=   3.049e+02Hz
44402, 8.994E+01,Mode#8,Frequency=   3.049e+02Hz
42122, 9.368E+01,Mode#8,Frequency=   3.049e+02Hz
42123, 7.203E+01,Mode#8,Frequency=   3.049e+02Hz
42124, 5.826E+01,Mode#8,Frequency=   3.049e+02Hz
42256, 9.206E+01,Mode#8,Frequency=   3.049e+02Hz
42257, 6.569E+01,Mode#8,Frequency=   3.049e+02Hz
42258, 4.727E+01,Mode#8,Frequency=   3.049e+02Hz
46812, 9.807E+01,Mode#8,Frequency=   3.049e+02Hz
46813, 8.440E+01,Mode#8,Frequency=   3.049e+02Hz
46814, 7.666E+01,Mode#8,Frequency=   3.049e+02Hz
41787, 9.803E+01,Mode#8,Frequency=   3.049e+02Hz
41788, 7.314E+01,Mode#8,Frequency=   3.049e+02Hz
41789, 5.675E+01,Mode#8,Frequency=   3.049e+02Hz
42055, 9.629E+01,Mode#8,Frequency=   3.049e+02Hz
42056, 6.456E+01,Mode#8,Frequency=   3.049e+02Hz
42057, 4.020E+01,Mode#8,Frequency=   3.049e+02Hz
42189, 9.573E+01,Mode#8,Frequency=   3.049e+02Hz
42190, 5.947E+01,Mode#8,Frequency=   3.049e+02Hz
42191, 2.688E+01,Mode#8,Frequency=   3.049e+02Hz
27459, 9.279E+01,Mode#8,Frequency=   3.049e+02Hz
38197, 9.120E+01,Mode#8,Frequency=   3.049e+02Hz
25335, 8.594E+01,Mode#8,Frequency=   3.049e+02Hz
25807, 8.845E+01,Mode#8,Frequency=   3.049e+02Hz
31190, 5.085E+01,Mode#8,Frequency=   3.049e+02Hz
31191, 4.833E+01,Mode#8,Frequency=   3.049e+02Hz
31192, 4.243E+01,Mode#8,Frequency=   3.049e+02Hz
31193, 3.257E+01,Mode#8,Frequency=   3.049e+02Hz
31194, 2.478E+01,Mode#8,Frequency=   3.049e+02Hz
31195, 4.238E+01,Mode#8,Frequency=   3.049e+02Hz
31196, 8.319E+01,Mode#8,Frequency=   3.049e+02Hz
31426, 1.557E+01,Mode#8,Frequency=   3.049e+02Hz
31427, 1.559E+01,Mode#8,Frequency=   3.049e+02Hz
31428, 1.757E+01,Mode#8,Frequency=   3.049e+02Hz
31429, 2.654E+01,Mode#8,Frequency=   3.049e+02Hz
31430, 4.630E+01,Mode#8,Frequency=   3.049e+02Hz
31431, 7.858E+01,Mode#8,Frequency=   3.049e+02Hz
32841, 9.994E+01,Mode#8,Frequency=   3.049e+02Hz
33314, 8.456E+01,Mode#8,Frequency=   3.049e+02Hz
33315, 8.340E+01,Mode#8,Frequency=   3.049e+02Hz
33316, 8.040E+01,Mode#8,Frequency=   3.049e+02Hz
33317, 7.546E+01,Mode#8,Frequency=   3.049e+02Hz
33318, 7.079E+01,Mode#8,Frequency=   3.049e+02Hz
33319, 7.482E+01,Mode#8,Frequency=   3.049e+02Hz
33320, 9.883E+01,Mode#8,Frequency=   3.049e+02Hz
31180, 4.804E+01,Mode#8,Frequency=   3.049e+02Hz
31181, 4.776E+01,Mode#8,Frequency=   3.049e+02Hz
31182, 4.745E+01,Mode#8,Frequency=   3.049e+02Hz
31183, 4.714E+01,Mode#8,Frequency=   3.049e+02Hz
31184, 4.694E+01,Mode#8,Frequency=   3.049e+02Hz
31185, 4.643E+01,Mode#8,Frequency=   3.049e+02Hz
31186, 4.741E+01,Mode#8,Frequency=   3.049e+02Hz
31187, 4.883E+01,Mode#8,Frequency=   3.049e+02Hz
31188, 5.022E+01,Mode#8,Frequency=   3.049e+02Hz
31189, 5.114E+01,Mode#8,Frequency=   3.049e+02Hz
31416, 1.309E+01,Mode#8,Frequency=   3.049e+02Hz
31417, 1.289E+01,Mode#8,Frequency=   3.049e+02Hz
31418, 1.266E+01,Mode#8,Frequency=   3.049e+02Hz
31419, 1.244E+01,Mode#8,Frequency=   3.049e+02Hz
31420, 1.233E+01,Mode#8,Frequency=   3.049e+02Hz
31421, 1.177E+01,Mode#8,Frequency=   3.049e+02Hz
31422, 1.245E+01,Mode#8,Frequency=   3.049e+02Hz
31423, 1.346E+01,Mode#8,Frequency=   3.049e+02Hz
31424, 1.446E+01,Mode#8,Frequency=   3.049e+02Hz
31425, 1.526E+01,Mode#8,Frequency=   3.049e+02Hz
33304, 8.192E+01,Mode#8,Frequency=   3.049e+02Hz
33305, 8.181E+01,Mode#8,Frequency=   3.049e+02Hz
33306, 8.168E+01,Mode#8,Frequency=   3.049e+02Hz
33307, 8.156E+01,Mode#8,Frequency=   3.049e+02Hz
33308, 8.150E+01,Mode#8,Frequency=   3.049e+02Hz
33309, 8.092E+01,Mode#8,Frequency=   3.049e+02Hz
33310, 8.164E+01,Mode#8,Frequency=   3.049e+02Hz
33311, 8.270E+01,Mode#8,Frequency=   3.049e+02Hz
33312, 8.371E+01,Mode#8,Frequency=   3.049e+02Hz
33313, 8.447E+01,Mode#8,Frequency=   3.049e+02Hz
33904, 8.614E+01,Mode#8,Frequency=   3.049e+02Hz
33905, 8.614E+01,Mode#8,Frequency=   3.049e+02Hz
33906, 8.491E+01,Mode#8,Frequency=   3.049e+02Hz
33907, 8.252E+01,Mode#8,Frequency=   3.049e+02Hz
33908, 8.149E+01,Mode#8,Frequency=   3.049e+02Hz
33909, 8.967E+01,Mode#8,Frequency=   3.049e+02Hz
35792, 8.066E+01,Mode#8,Frequency=   3.049e+02Hz
35793, 8.150E+01,Mode#8,Frequency=   3.049e+02Hz
35794, 8.154E+01,Mode#8,Frequency=   3.049e+02Hz
35795, 8.115E+01,Mode#8,Frequency=   3.049e+02Hz
35796, 8.366E+01,Mode#8,Frequency=   3.049e+02Hz
35797, 9.713E+01,Mode#8,Frequency=   3.049e+02Hz
33894, 8.185E+01,Mode#8,Frequency=   3.049e+02Hz
33895, 8.181E+01,Mode#8,Frequency=   3.049e+02Hz
33896, 8.176E+01,Mode#8,Frequency=   3.049e+02Hz
33897, 8.175E+01,Mode#8,Frequency=   3.049e+02Hz
33898, 8.181E+01,Mode#8,Frequency=   3.049e+02Hz
33899, 8.129E+01,Mode#8,Frequency=   3.049e+02Hz
33900, 8.202E+01,Mode#8,Frequency=   3.049e+02Hz
33901, 8.312E+01,Mode#8,Frequency=   3.049e+02Hz
33902, 8.428E+01,Mode#8,Frequency=   3.049e+02Hz
33903, 8.538E+01,Mode#8,Frequency=   3.049e+02Hz
35782, 7.493E+01,Mode#8,Frequency=   3.049e+02Hz
35783, 7.492E+01,Mode#8,Frequency=   3.049e+02Hz
35784, 7.494E+01,Mode#8,Frequency=   3.049e+02Hz
35785, 7.502E+01,Mode#8,Frequency=   3.049e+02Hz
35786, 7.518E+01,Mode#8,Frequency=   3.049e+02Hz
35787, 7.472E+01,Mode#8,Frequency=   3.049e+02Hz
35788, 7.547E+01,Mode#8,Frequency=   3.049e+02Hz
35789, 7.663E+01,Mode#8,Frequency=   3.049e+02Hz
35790, 7.794E+01,Mode#8,Frequency=   3.049e+02Hz
35791, 7.935E+01,Mode#8,Frequency=   3.049e+02Hz
43932, 9.322E+01,Mode#8,Frequency=   3.049e+02Hz
43933, 8.809E+01,Mode#8,Frequency=   3.049e+02Hz
39911, 9.629E+01,Mode#8,Frequency=   3.049e+02Hz
39912, 6.456E+01,Mode#8,Frequency=   3.049e+02Hz
39913, 4.020E+01,Mode#8,Frequency=   3.049e+02Hz
39978, 9.368E+01,Mode#8,Frequency=   3.049e+02Hz
39979, 7.203E+01,Mode#8,Frequency=   3.049e+02Hz
39980, 5.826E+01,Mode#8,Frequency=   3.049e+02Hz
44000, 9.836E+01,Mode#8,Frequency=   3.049e+02Hz
46678, 9.430E+01,Mode#8,Frequency=   3.049e+02Hz
46679, 7.562E+01,Mode#8,Frequency=   3.049e+02Hz
46680, 6.428E+01,Mode#8,Frequency=   3.049e+02Hz
46746, 9.467E+01,Mode#8,Frequency=   3.049e+02Hz
46747, 8.994E+01,Mode#8,Frequency=   3.049e+02Hz
42390, 9.206E+01,Mode#8,Frequency=   3.049e+02Hz
42391, 6.569E+01,Mode#8,Frequency=   3.049e+02Hz
42392, 4.727E+01,Mode#8,Frequency=   3.049e+02Hz
46611, 9.807E+01,Mode#8,Frequency=   3.049e+02Hz
46612, 8.440E+01,Mode#8,Frequency=   3.049e+02Hz
46613, 7.666E+01,Mode#8,Frequency=   3.049e+02Hz
39777, 9.732E+01,Mode#8,Frequency=   3.049e+02Hz
39778, 8.127E+01,Mode#8,Frequency=   3.049e+02Hz
39779, 7.191E+01,Mode#8,Frequency=   3.049e+02Hz
39643, 9.803E+01,Mode#8,Frequency=   3.049e+02Hz
39644, 7.314E+01,Mode#8,Frequency=   3.049e+02Hz
39645, 5.675E+01,Mode#8,Frequency=   3.049e+02Hz
39845, 9.096E+01,Mode#8,Frequency=   3.049e+02Hz
39846, 8.500E+01,Mode#8,Frequency=   3.049e+02Hz
42524, 9.368E+01,Mode#8,Frequency=   3.049e+02Hz
42525, 7.203E+01,Mode#8,Frequency=   3.049e+02Hz
42526, 5.826E+01,Mode#8,Frequency=   3.049e+02Hz
47215, 9.322E+01,Mode#8,Frequency=   3.049e+02Hz
47216, 8.809E+01,Mode#8,Frequency=   3.049e+02Hz
42792, 9.732E+01,Mode#8,Frequency=   3.049e+02Hz
42793, 8.127E+01,Mode#8,Frequency=   3.049e+02Hz
42794, 7.191E+01,Mode#8,Frequency=   3.049e+02Hz
47149, 9.836E+01,Mode#8,Frequency=   3.049e+02Hz
42323, 9.573E+01,Mode#8,Frequency=   3.049e+02Hz
42324, 5.947E+01,Mode#8,Frequency=   3.049e+02Hz
42325, 2.688E+01,Mode#8,Frequency=   3.049e+02Hz
42457, 9.629E+01,Mode#8,Frequency=   3.049e+02Hz
42458, 6.456E+01,Mode#8,Frequency=   3.049e+02Hz
42459, 4.020E+01,Mode#8,Frequency=   3.049e+02Hz
39510, 9.968E+01,Mode#8,Frequency=   3.049e+02Hz
39511, 9.622E+01,Mode#8,Frequency=   3.049e+02Hz
39711, 8.314E+01,Mode#8,Frequency=   3.049e+02Hz
39712, 7.277E+01,Mode#8,Frequency=   3.049e+02Hz
39376, 9.273E+01,Mode#8,Frequency=   3.049e+02Hz
39377, 8.670E+01,Mode#8,Frequency=   3.049e+02Hz
42658, 9.803E+01,Mode#8,Frequency=   3.049e+02Hz
42659, 7.314E+01,Mode#8,Frequency=   3.049e+02Hz
42660, 5.675E+01,Mode#8,Frequency=   3.049e+02Hz
42726, 9.096E+01,Mode#8,Frequency=   3.049e+02Hz
42727, 8.500E+01,Mode#8,Frequency=   3.049e+02Hz
42592, 8.314E+01,Mode#8,Frequency=   3.049e+02Hz
42593, 7.277E+01,Mode#8,Frequency=   3.049e+02Hz
43061, 9.968E+01,Mode#8,Frequency=   3.049e+02Hz
43062, 9.622E+01,Mode#8,Frequency=   3.049e+02Hz
39444, 9.761E+01,Mode#8,Frequency=   3.049e+02Hz
42927, 9.273E+01,Mode#8,Frequency=   3.049e+02Hz
42928, 8.670E+01,Mode#8,Frequency=   3.049e+02Hz
42861, 9.761E+01,Mode#8,Frequency=   3.049e+02Hz
26869, 8.497E+01,Mode#8,Frequency=   3.049e+02Hz
24745, 8.805E+01,Mode#8,Frequency=   3.049e+02Hz
28995, 9.644E+01,Mode#8,Frequency=   3.049e+02Hz
28994, 9.224E+01,Mode#8,Frequency=   3.049e+02Hz
23992, 7.853E+01,Mode#8,Frequency=   3.049e+02Hz
23993, 7.900E+01,Mode#8,Frequency=   3.049e+02Hz
23994, 7.873E+01,Mode#8,Frequency=   3.049e+02Hz
23995, 7.834E+01,Mode#8,Frequency=   3.049e+02Hz
23996, 8.170E+01,Mode#8,Frequency=   3.049e+02Hz
23997, 9.721E+01,Mode#8,Frequency=   3.049e+02Hz
24110, 7.736E+01,Mode#8,Frequency=   3.049e+02Hz
24111, 7.841E+01,Mode#8,Frequency=   3.049e+02Hz
24112, 7.882E+01,Mode#8,Frequency=   3.049e+02Hz
24113, 7.921E+01,Mode#8,Frequency=   3.049e+02Hz
24114, 8.345E+01,Mode#8,Frequency=   3.049e+02Hz
24115, 9.969E+01,Mode#8,Frequency=   3.049e+02Hz
23982, 7.385E+01,Mode#8,Frequency=   3.049e+02Hz
23983, 7.390E+01,Mode#8,Frequency=   3.049e+02Hz
23984, 7.399E+01,Mode#8,Frequency=   3.049e+02Hz
23985, 7.417E+01,Mode#8,Frequency=   3.049e+02Hz
23986, 7.445E+01,Mode#8,Frequency=   3.049e+02Hz
23987, 7.402E+01,Mode#8,Frequency=   3.049e+02Hz
23988, 7.461E+01,Mode#8,Frequency=   3.049e+02Hz
23989, 7.553E+01,Mode#8,Frequency=   3.049e+02Hz
23990, 7.655E+01,Mode#8,Frequency=   3.049e+02Hz
23991, 7.761E+01,Mode#8,Frequency=   3.049e+02Hz
24100, 7.139E+01,Mode#8,Frequency=   3.049e+02Hz
24101, 7.142E+01,Mode#8,Frequency=   3.049e+02Hz
24102, 7.148E+01,Mode#8,Frequency=   3.049e+02Hz
24103, 7.161E+01,Mode#8,Frequency=   3.049e+02Hz
24104, 7.185E+01,Mode#8,Frequency=   3.049e+02Hz
24105, 7.143E+01,Mode#8,Frequency=   3.049e+02Hz
24106, 7.213E+01,Mode#8,Frequency=   3.049e+02Hz
24107, 7.325E+01,Mode#8,Frequency=   3.049e+02Hz
24108, 7.454E+01,Mode#8,Frequency=   3.049e+02Hz
24109, 7.597E+01,Mode#8,Frequency=   3.049e+02Hz
29537, 7.969E+01,Mode#8,Frequency=   3.049e+02Hz
29538, 7.855E+01,Mode#8,Frequency=   3.049e+02Hz
29539, 7.613E+01,Mode#8,Frequency=   3.049e+02Hz
29540, 7.199E+01,Mode#8,Frequency=   3.049e+02Hz
29541, 6.657E+01,Mode#8,Frequency=   3.049e+02Hz
29542, 6.388E+01,Mode#8,Frequency=   3.049e+02Hz
29543, 7.464E+01,Mode#8,Frequency=   3.049e+02Hz
38269, 8.202E+01,Mode#8,Frequency=   3.049e+02Hz
38270, 8.200E+01,Mode#8,Frequency=   3.049e+02Hz
38271, 8.120E+01,Mode#8,Frequency=   3.049e+02Hz
38272, 7.928E+01,Mode#8,Frequency=   3.049e+02Hz
38273, 7.669E+01,Mode#8,Frequency=   3.049e+02Hz
38274, 7.701E+01,Mode#8,Frequency=   3.049e+02Hz
38275, 8.919E+01,Mode#8,Frequency=   3.049e+02Hz
31307, 1.094E+01,Mode#8,Frequency=   3.049e+02Hz
31308, 1.103E+01,Mode#8,Frequency=   3.049e+02Hz
31309, 1.317E+01,Mode#8,Frequency=   3.049e+02Hz
31310, 2.054E+01,Mode#8,Frequency=   3.049e+02Hz
31311, 3.558E+01,Mode#8,Frequency=   3.049e+02Hz
31312, 6.034E+01,Mode#8,Frequency=   3.049e+02Hz
31313, 9.685E+01,Mode#8,Frequency=   3.049e+02Hz
34611, 4.443E+01,Mode#8,Frequency=   3.049e+02Hz
34612, 4.205E+01,Mode#8,Frequency=   3.049e+02Hz
34613, 3.728E+01,Mode#8,Frequency=   3.049e+02Hz
34614, 2.922E+01,Mode#8,Frequency=   3.049e+02Hz
34615, 1.996E+01,Mode#8,Frequency=   3.049e+02Hz
34616, 2.805E+01,Mode#8,Frequency=   3.049e+02Hz
34617, 6.093E+01,Mode#8,Frequency=   3.049e+02Hz
29528, 7.877E+01,Mode#8,Frequency=   3.049e+02Hz
29529, 7.888E+01,Mode#8,Frequency=   3.049e+02Hz
29530, 7.903E+01,Mode#8,Frequency=   3.049e+02Hz
29531, 7.926E+01,Mode#8,Frequency=   3.049e+02Hz
29532, 7.961E+01,Mode#8,Frequency=   3.049e+02Hz
29533, 7.916E+01,Mode#8,Frequency=   3.049e+02Hz
29534, 7.950E+01,Mode#8,Frequency=   3.049e+02Hz
29535, 7.990E+01,Mode#8,Frequency=   3.049e+02Hz
29536, 8.003E+01,Mode#8,Frequency=   3.049e+02Hz
38260, 7.972E+01,Mode#8,Frequency=   3.049e+02Hz
38261, 7.980E+01,Mode#8,Frequency=   3.049e+02Hz
38262, 7.992E+01,Mode#8,Frequency=   3.049e+02Hz
38263, 8.012E+01,Mode#8,Frequency=   3.049e+02Hz
38264, 8.043E+01,Mode#8,Frequency=   3.049e+02Hz
38265, 7.998E+01,Mode#8,Frequency=   3.049e+02Hz
38266, 8.042E+01,Mode#8,Frequency=   3.049e+02Hz
38267, 8.106E+01,Mode#8,Frequency=   3.049e+02Hz
38268, 8.163E+01,Mode#8,Frequency=   3.049e+02Hz
31298, 1.006E+01,Mode#8,Frequency=   3.049e+02Hz
31299, 1.014E+01,Mode#8,Frequency=   3.049e+02Hz
31300, 1.026E+01,Mode#8,Frequency=   3.049e+02Hz
31301, 1.044E+01,Mode#8,Frequency=   3.049e+02Hz
31302, 1.077E+01,Mode#8,Frequency=   3.049e+02Hz
31303, 1.047E+01,Mode#8,Frequency=   3.049e+02Hz
31304, 1.075E+01,Mode#8,Frequency=   3.049e+02Hz
31305, 1.101E+01,Mode#8,Frequency=   3.049e+02Hz
31306, 1.108E+01,Mode#8,Frequency=   3.049e+02Hz
34602, 4.335E+01,Mode#8,Frequency=   3.049e+02Hz
34603, 4.353E+01,Mode#8,Frequency=   3.049e+02Hz
34604, 4.380E+01,Mode#8,Frequency=   3.049e+02Hz
34605, 4.417E+01,Mode#8,Frequency=   3.049e+02Hz
34606, 4.476E+01,Mode#8,Frequency=   3.049e+02Hz
34607, 4.453E+01,Mode#8,Frequency=   3.049e+02Hz
34608, 4.499E+01,Mode#8,Frequency=   3.049e+02Hz
34609, 4.537E+01,Mode#8,Frequency=   3.049e+02Hz
34610, 4.532E+01,Mode#8,Frequency=   3.049e+02Hz
7756, 1.325E+01,Mode#8,Frequency=   3.049e+02Hz
7757, 1.334E+01,Mode#8,Frequency=   3.049e+02Hz
7758, 1.348E+01,Mode#8,Frequency=   3.049e+02Hz
7759, 1.361E+01,Mode#8,Frequency=   3.049e+02Hz
7760, 1.374E+01,Mode#8,Frequency=   3.049e+02Hz
7761, 1.388E+01,Mode#8,Frequency=   3.049e+02Hz
7762, 1.400E+01,Mode#8,Frequency=   3.049e+02Hz
7763, 1.407E+01,Mode#8,Frequency=   3.049e+02Hz
7764, 1.409E+01,Mode#8,Frequency=   3.049e+02Hz
7765, 1.401E+01,Mode#8,Frequency=   3.049e+02Hz
7992, 4.826E+01,Mode#8,Frequency=   3.049e+02Hz
7993, 4.840E+01,Mode#8,Frequency=   3.049e+02Hz
7994, 4.855E+01,Mode#8,Frequency=   3.049e+02Hz
7995, 4.874E+01,Mode#8,Frequency=   3.049e+02Hz
7996, 4.895E+01,Mode#8,Frequency=   3.049e+02Hz
7997, 4.916E+01,Mode#8,Frequency=   3.049e+02Hz
7998, 4.932E+01,Mode#8,Frequency=   3.049e+02Hz
7999, 4.942E+01,Mode#8,Frequency=   3.049e+02Hz
8000, 4.943E+01,Mode#8,Frequency=   3.049e+02Hz
8001, 4.930E+01,Mode#8,Frequency=   3.049e+02Hz
5868, 8.196E+01,Mode#8,Frequency=   3.049e+02Hz
5869, 8.202E+01,Mode#8,Frequency=   3.049e+02Hz
5870, 8.201E+01,Mode#8,Frequency=   3.049e+02Hz
5871, 8.201E+01,Mode#8,Frequency=   3.049e+02Hz
5872, 8.206E+01,Mode#8,Frequency=   3.049e+02Hz
5873, 8.212E+01,Mode#8,Frequency=   3.049e+02Hz
5874, 8.217E+01,Mode#8,Frequency=   3.049e+02Hz
5875, 8.220E+01,Mode#8,Frequency=   3.049e+02Hz
5876, 8.218E+01,Mode#8,Frequency=   3.049e+02Hz
5877, 8.212E+01,Mode#8,Frequency=   3.049e+02Hz
6343, 9.983E+01,Mode#8,Frequency=   3.049e+02Hz
6344, 9.957E+01,Mode#8,Frequency=   3.049e+02Hz
6345, 9.930E+01,Mode#8,Frequency=   3.049e+02Hz
6346, 9.904E+01,Mode#8,Frequency=   3.049e+02Hz
6347, 9.880E+01,Mode#8,Frequency=   3.049e+02Hz
6348, 9.862E+01,Mode#8,Frequency=   3.049e+02Hz
6349, 9.852E+01,Mode#8,Frequency=   3.049e+02Hz
7766, 1.387E+01,Mode#8,Frequency=   3.049e+02Hz
7767, 1.368E+01,Mode#8,Frequency=   3.049e+02Hz
7768, 1.347E+01,Mode#8,Frequency=   3.049e+02Hz
7769, 1.596E+01,Mode#8,Frequency=   3.049e+02Hz
7770, 2.004E+01,Mode#8,Frequency=   3.049e+02Hz
7771, 2.604E+01,Mode#8,Frequency=   3.049e+02Hz
7772, 3.551E+01,Mode#8,Frequency=   3.049e+02Hz
7773, 5.101E+01,Mode#8,Frequency=   3.049e+02Hz
7774, 7.574E+01,Mode#8,Frequency=   3.049e+02Hz
8002, 4.902E+01,Mode#8,Frequency=   3.049e+02Hz
8003, 4.860E+01,Mode#8,Frequency=   3.049e+02Hz
8004, 4.806E+01,Mode#8,Frequency=   3.049e+02Hz
8005, 5.077E+01,Mode#8,Frequency=   3.049e+02Hz
8006, 5.502E+01,Mode#8,Frequency=   3.049e+02Hz
8007, 6.118E+01,Mode#8,Frequency=   3.049e+02Hz
8008, 7.058E+01,Mode#8,Frequency=   3.049e+02Hz
8009, 8.598E+01,Mode#8,Frequency=   3.049e+02Hz
5878, 8.196E+01,Mode#8,Frequency=   3.049e+02Hz
5879, 8.169E+01,Mode#8,Frequency=   3.049e+02Hz
5880, 8.126E+01,Mode#8,Frequency=   3.049e+02Hz
5881, 8.362E+01,Mode#8,Frequency=   3.049e+02Hz
5882, 8.674E+01,Mode#8,Frequency=   3.049e+02Hz
5883, 9.055E+01,Mode#8,Frequency=   3.049e+02Hz
5884, 9.678E+01,Mode#8,Frequency=   3.049e+02Hz
6350, 9.847E+01,Mode#8,Frequency=   3.049e+02Hz
6351, 9.855E+01,Mode#8,Frequency=   3.049e+02Hz
6352, 9.877E+01,Mode#8,Frequency=   3.049e+02Hz
6353, 9.604E+01,Mode#8,Frequency=   3.049e+02Hz
6354, 9.238E+01,Mode#8,Frequency=   3.049e+02Hz
6355, 8.822E+01,Mode#8,Frequency=   3.049e+02Hz
6356, 8.270E+01,Mode#8,Frequency=   3.049e+02Hz
6357, 7.523E+01,Mode#8,Frequency=   3.049e+02Hz
6358, 6.681E+01,Mode#8,Frequency=   3.049e+02Hz
5278, 8.185E+01,Mode#8,Frequency=   3.049e+02Hz
5279, 8.184E+01,Mode#8,Frequency=   3.049e+02Hz
5280, 8.183E+01,Mode#8,Frequency=   3.049e+02Hz
5281, 8.183E+01,Mode#8,Frequency=   3.049e+02Hz
5282, 8.183E+01,Mode#8,Frequency=   3.049e+02Hz
5283, 8.184E+01,Mode#8,Frequency=   3.049e+02Hz
5284, 8.187E+01,Mode#8,Frequency=   3.049e+02Hz
5285, 8.187E+01,Mode#8,Frequency=   3.049e+02Hz
5286, 8.187E+01,Mode#8,Frequency=   3.049e+02Hz
5287, 8.181E+01,Mode#8,Frequency=   3.049e+02Hz
11774, 9.987E+01,Mode#8,Frequency=   3.049e+02Hz
11775, 9.964E+01,Mode#8,Frequency=   3.049e+02Hz
11776, 9.946E+01,Mode#8,Frequency=   3.049e+02Hz
11777, 9.933E+01,Mode#8,Frequency=   3.049e+02Hz
3390, 7.490E+01,Mode#8,Frequency=   3.049e+02Hz
3391, 7.491E+01,Mode#8,Frequency=   3.049e+02Hz
3392, 7.487E+01,Mode#8,Frequency=   3.049e+02Hz
3393, 7.484E+01,Mode#8,Frequency=   3.049e+02Hz
3394, 7.485E+01,Mode#8,Frequency=   3.049e+02Hz
3395, 7.485E+01,Mode#8,Frequency=   3.049e+02Hz
3396, 7.486E+01,Mode#8,Frequency=   3.049e+02Hz
3397, 7.489E+01,Mode#8,Frequency=   3.049e+02Hz
3398, 7.487E+01,Mode#8,Frequency=   3.049e+02Hz
3399, 7.475E+01,Mode#8,Frequency=   3.049e+02Hz
5288, 8.159E+01,Mode#8,Frequency=   3.049e+02Hz
5289, 8.116E+01,Mode#8,Frequency=   3.049e+02Hz
5290, 8.046E+01,Mode#8,Frequency=   3.049e+02Hz
5291, 8.211E+01,Mode#8,Frequency=   3.049e+02Hz
5292, 8.389E+01,Mode#8,Frequency=   3.049e+02Hz
5293, 8.546E+01,Mode#8,Frequency=   3.049e+02Hz
5294, 8.914E+01,Mode#8,Frequency=   3.049e+02Hz
5295, 9.991E+01,Mode#8,Frequency=   3.049e+02Hz
11778, 9.929E+01,Mode#8,Frequency=   3.049e+02Hz
11779, 9.948E+01,Mode#8,Frequency=   3.049e+02Hz
11780, 9.986E+01,Mode#8,Frequency=   3.049e+02Hz
11781, 9.774E+01,Mode#8,Frequency=   3.049e+02Hz
11782, 9.529E+01,Mode#8,Frequency=   3.049e+02Hz
11783, 9.336E+01,Mode#8,Frequency=   3.049e+02Hz
11784, 9.115E+01,Mode#8,Frequency=   3.049e+02Hz
11785, 8.716E+01,Mode#8,Frequency=   3.049e+02Hz
11786, 8.192E+01,Mode#8,Frequency=   3.049e+02Hz
1044, 9.894E+01,Mode#8,Frequency=   3.049e+02Hz
1045, 9.929E+01,Mode#8,Frequency=   3.049e+02Hz
1046, 9.981E+01,Mode#8,Frequency=   3.049e+02Hz
1047, 9.803E+01,Mode#8,Frequency=   3.049e+02Hz
1048, 9.413E+01,Mode#8,Frequency=   3.049e+02Hz
3400, 7.447E+01,Mode#8,Frequency=   3.049e+02Hz
3401, 7.387E+01,Mode#8,Frequency=   3.049e+02Hz
3402, 7.281E+01,Mode#8,Frequency=   3.049e+02Hz
3403, 7.378E+01,Mode#8,Frequency=   3.049e+02Hz
3404, 7.443E+01,Mode#8,Frequency=   3.049e+02Hz
3405, 7.403E+01,Mode#8,Frequency=   3.049e+02Hz
3406, 7.592E+01,Mode#8,Frequency=   3.049e+02Hz
3407, 8.676E+01,Mode#8,Frequency=   3.049e+02Hz
6359, 7.306E+01,Mode#8,Frequency=   3.049e+02Hz
11787, 8.891E+01,Mode#8,Frequency=   3.049e+02Hz
15072, 7.136E+01,Mode#8,Frequency=   3.049e+02Hz
15073, 7.135E+01,Mode#8,Frequency=   3.049e+02Hz
15074, 7.132E+01,Mode#8,Frequency=   3.049e+02Hz
15075, 7.129E+01,Mode#8,Frequency=   3.049e+02Hz
15076, 7.128E+01,Mode#8,Frequency=   3.049e+02Hz
15077, 7.127E+01,Mode#8,Frequency=   3.049e+02Hz
15078, 7.127E+01,Mode#8,Frequency=   3.049e+02Hz
15079, 7.129E+01,Mode#8,Frequency=   3.049e+02Hz
15080, 7.123E+01,Mode#8,Frequency=   3.049e+02Hz
15081, 7.107E+01,Mode#8,Frequency=   3.049e+02Hz
15190, 7.382E+01,Mode#8,Frequency=   3.049e+02Hz
15191, 7.378E+01,Mode#8,Frequency=   3.049e+02Hz
15192, 7.371E+01,Mode#8,Frequency=   3.049e+02Hz
15193, 7.368E+01,Mode#8,Frequency=   3.049e+02Hz
15194, 7.367E+01,Mode#8,Frequency=   3.049e+02Hz
15195, 7.363E+01,Mode#8,Frequency=   3.049e+02Hz
15196, 7.358E+01,Mode#8,Frequency=   3.049e+02Hz
15197, 7.356E+01,Mode#8,Frequency=   3.049e+02Hz
15198, 7.349E+01,Mode#8,Frequency=   3.049e+02Hz
15199, 7.330E+01,Mode#8,Frequency=   3.049e+02Hz
15082, 7.072E+01,Mode#8,Frequency=   3.049e+02Hz
15083, 7.002E+01,Mode#8,Frequency=   3.049e+02Hz
15084, 6.883E+01,Mode#8,Frequency=   3.049e+02Hz
15085, 6.951E+01,Mode#8,Frequency=   3.049e+02Hz
15086, 6.975E+01,Mode#8,Frequency=   3.049e+02Hz
15087, 6.825E+01,Mode#8,Frequency=   3.049e+02Hz
15088, 6.910E+01,Mode#8,Frequency=   3.049e+02Hz
15089, 8.025E+01,Mode#8,Frequency=   3.049e+02Hz
15200, 7.296E+01,Mode#8,Frequency=   3.049e+02Hz
15201, 7.228E+01,Mode#8,Frequency=   3.049e+02Hz
15202, 7.113E+01,Mode#8,Frequency=   3.049e+02Hz
15203, 7.206E+01,Mode#8,Frequency=   3.049e+02Hz
15204, 7.291E+01,Mode#8,Frequency=   3.049e+02Hz
15205, 7.137E+01,Mode#8,Frequency=   3.049e+02Hz
15206, 7.187E+01,Mode#8,Frequency=   3.049e+02Hz
15207, 8.279E+01,Mode#8,Frequency=   3.049e+02Hz
912, 7.964E+01,Mode#8,Frequency=   3.049e+02Hz
913, 7.957E+01,Mode#8,Frequency=   3.049e+02Hz
914, 7.949E+01,Mode#8,Frequency=   3.049e+02Hz
915, 7.946E+01,Mode#8,Frequency=   3.049e+02Hz
916, 7.942E+01,Mode#8,Frequency=   3.049e+02Hz
917, 7.934E+01,Mode#8,Frequency=   3.049e+02Hz
918, 7.926E+01,Mode#8,Frequency=   3.049e+02Hz
919, 7.916E+01,Mode#8,Frequency=   3.049e+02Hz
920, 7.902E+01,Mode#8,Frequency=   3.049e+02Hz
921, 7.880E+01,Mode#8,Frequency=   3.049e+02Hz
9644, 7.866E+01,Mode#8,Frequency=   3.049e+02Hz
9645, 7.858E+01,Mode#8,Frequency=   3.049e+02Hz
9646, 7.848E+01,Mode#8,Frequency=   3.049e+02Hz
9647, 7.842E+01,Mode#8,Frequency=   3.049e+02Hz
9648, 7.837E+01,Mode#8,Frequency=   3.049e+02Hz
9649, 7.827E+01,Mode#8,Frequency=   3.049e+02Hz
9650, 7.812E+01,Mode#8,Frequency=   3.049e+02Hz
9651, 7.794E+01,Mode#8,Frequency=   3.049e+02Hz
9652, 7.771E+01,Mode#8,Frequency=   3.049e+02Hz
9653, 7.742E+01,Mode#8,Frequency=   3.049e+02Hz
4570, 4.321E+01,Mode#8,Frequency=   3.049e+02Hz
4571, 4.309E+01,Mode#8,Frequency=   3.049e+02Hz
4572, 4.299E+01,Mode#8,Frequency=   3.049e+02Hz
4573, 4.288E+01,Mode#8,Frequency=   3.049e+02Hz
4574, 4.276E+01,Mode#8,Frequency=   3.049e+02Hz
4575, 4.261E+01,Mode#8,Frequency=   3.049e+02Hz
4576, 4.240E+01,Mode#8,Frequency=   3.049e+02Hz
4577, 4.210E+01,Mode#8,Frequency=   3.049e+02Hz
4578, 4.166E+01,Mode#8,Frequency=   3.049e+02Hz
4579, 4.107E+01,Mode#8,Frequency=   3.049e+02Hz
7874, 1.001E+01,Mode#8,Frequency=   3.049e+02Hz
7875, 9.958E+00,Mode#8,Frequency=   3.049e+02Hz
7876, 9.919E+00,Mode#8,Frequency=   3.049e+02Hz
7877, 9.865E+00,Mode#8,Frequency=   3.049e+02Hz
7878, 9.819E+00,Mode#8,Frequency=   3.049e+02Hz
7879, 9.735E+00,Mode#8,Frequency=   3.049e+02Hz
7880, 9.619E+00,Mode#8,Frequency=   3.049e+02Hz
7881, 9.449E+00,Mode#8,Frequency=   3.049e+02Hz
7882, 9.214E+00,Mode#8,Frequency=   3.049e+02Hz
7883, 8.913E+00,Mode#8,Frequency=   3.049e+02Hz
922, 7.846E+01,Mode#8,Frequency=   3.049e+02Hz
923, 7.787E+01,Mode#8,Frequency=   3.049e+02Hz
924, 7.696E+01,Mode#8,Frequency=   3.049e+02Hz
925, 7.850E+01,Mode#8,Frequency=   3.049e+02Hz
926, 8.066E+01,Mode#8,Frequency=   3.049e+02Hz
927, 7.996E+01,Mode#8,Frequency=   3.049e+02Hz
928, 8.073E+01,Mode#8,Frequency=   3.049e+02Hz
929, 9.141E+01,Mode#8,Frequency=   3.049e+02Hz
9654, 7.702E+01,Mode#8,Frequency=   3.049e+02Hz
9655, 7.648E+01,Mode#8,Frequency=   3.049e+02Hz
9656, 7.578E+01,Mode#8,Frequency=   3.049e+02Hz
9657, 7.789E+01,Mode#8,Frequency=   3.049e+02Hz
9658, 8.136E+01,Mode#8,Frequency=   3.049e+02Hz
9659, 8.185E+01,Mode#8,Frequency=   3.049e+02Hz
9660, 8.370E+01,Mode#8,Frequency=   3.049e+02Hz
9661, 9.494E+01,Mode#8,Frequency=   3.049e+02Hz
14496, 9.970E+01,Mode#8,Frequency=   3.049e+02Hz
14499, 9.939E+01,Mode#8,Frequency=   3.049e+02Hz
14500, 9.362E+01,Mode#8,Frequency=   3.049e+02Hz
4580, 4.030E+01,Mode#8,Frequency=   3.049e+02Hz
4581, 3.937E+01,Mode#8,Frequency=   3.049e+02Hz
4582, 3.831E+01,Mode#8,Frequency=   3.049e+02Hz
4583, 3.977E+01,Mode#8,Frequency=   3.049e+02Hz
4584, 4.248E+01,Mode#8,Frequency=   3.049e+02Hz
4585, 4.403E+01,Mode#8,Frequency=   3.049e+02Hz
4586, 4.806E+01,Mode#8,Frequency=   3.049e+02Hz
4587, 6.125E+01,Mode#8,Frequency=   3.049e+02Hz
4588, 8.549E+01,Mode#8,Frequency=   3.049e+02Hz
7884, 8.565E+00,Mode#8,Frequency=   3.049e+02Hz
7885, 8.240E+00,Mode#8,Frequency=   3.049e+02Hz
7886, 7.938E+00,Mode#8,Frequency=   3.049e+02Hz
7887, 9.539E+00,Mode#8,Frequency=   3.049e+02Hz
7888, 1.285E+01,Mode#8,Frequency=   3.049e+02Hz
7889, 1.573E+01,Mode#8,Frequency=   3.049e+02Hz
7890, 2.162E+01,Mode#8,Frequency=   3.049e+02Hz
7891, 3.562E+01,Mode#8,Frequency=   3.049e+02Hz
7892, 5.973E+01,Mode#8,Frequency=   3.049e+02Hz
10248, 9.929E+01,Mode#8,Frequency=   3.049e+02Hz
10249, 9.894E+01,Mode#8,Frequency=   3.049e+02Hz
10250, 9.850E+01,Mode#8,Frequency=   3.049e+02Hz
10251, 9.225E+01,Mode#8,Frequency=   3.049e+02Hz
10252, 8.299E+01,Mode#8,Frequency=   3.049e+02Hz
14501, 9.295E+01,Mode#8,Frequency=   3.049e+02Hz
3175, 9.880E+01,Mode#8,Frequency=   3.049e+02Hz
10253, 7.811E+01,Mode#8,Frequency=   3.049e+02Hz
31170, 4.932E+01,Mode#8,Frequency=   3.049e+02Hz
31171, 4.943E+01,Mode#8,Frequency=   3.049e+02Hz
31172, 4.941E+01,Mode#8,Frequency=   3.049e+02Hz
31173, 4.931E+01,Mode#8,Frequency=   3.049e+02Hz
31174, 4.915E+01,Mode#8,Frequency=   3.049e+02Hz
31175, 4.895E+01,Mode#8,Frequency=   3.049e+02Hz
31176, 4.876E+01,Mode#8,Frequency=   3.049e+02Hz
31177, 4.858E+01,Mode#8,Frequency=   3.049e+02Hz
31178, 4.842E+01,Mode#8,Frequency=   3.049e+02Hz
31179, 4.825E+01,Mode#8,Frequency=   3.049e+02Hz
31406, 1.402E+01,Mode#8,Frequency=   3.049e+02Hz
31407, 1.408E+01,Mode#8,Frequency=   3.049e+02Hz
31408, 1.406E+01,Mode#8,Frequency=   3.049e+02Hz
31409, 1.399E+01,Mode#8,Frequency=   3.049e+02Hz
31410, 1.387E+01,Mode#8,Frequency=   3.049e+02Hz
31411, 1.374E+01,Mode#8,Frequency=   3.049e+02Hz
31412, 1.361E+01,Mode#8,Frequency=   3.049e+02Hz
31413, 1.348E+01,Mode#8,Frequency=   3.049e+02Hz
31414, 1.336E+01,Mode#8,Frequency=   3.049e+02Hz
31415, 1.325E+01,Mode#8,Frequency=   3.049e+02Hz
32822, 9.851E+01,Mode#8,Frequency=   3.049e+02Hz
32823, 9.862E+01,Mode#8,Frequency=   3.049e+02Hz
32824, 9.881E+01,Mode#8,Frequency=   3.049e+02Hz
32825, 9.904E+01,Mode#8,Frequency=   3.049e+02Hz
32826, 9.930E+01,Mode#8,Frequency=   3.049e+02Hz
32827, 9.957E+01,Mode#8,Frequency=   3.049e+02Hz
32828, 9.984E+01,Mode#8,Frequency=   3.049e+02Hz
33294, 8.211E+01,Mode#8,Frequency=   3.049e+02Hz
33295, 8.217E+01,Mode#8,Frequency=   3.049e+02Hz
33296, 8.218E+01,Mode#8,Frequency=   3.049e+02Hz
33297, 8.216E+01,Mode#8,Frequency=   3.049e+02Hz
33298, 8.212E+01,Mode#8,Frequency=   3.049e+02Hz
33299, 8.207E+01,Mode#8,Frequency=   3.049e+02Hz
33300, 8.203E+01,Mode#8,Frequency=   3.049e+02Hz
33301, 8.200E+01,Mode#8,Frequency=   3.049e+02Hz
33302, 8.199E+01,Mode#8,Frequency=   3.049e+02Hz
33303, 8.197E+01,Mode#8,Frequency=   3.049e+02Hz
31162, 8.596E+01,Mode#8,Frequency=   3.049e+02Hz
31163, 7.057E+01,Mode#8,Frequency=   3.049e+02Hz
31164, 6.118E+01,Mode#8,Frequency=   3.049e+02Hz
31165, 5.503E+01,Mode#8,Frequency=   3.049e+02Hz
31166, 5.079E+01,Mode#8,Frequency=   3.049e+02Hz
31167, 4.807E+01,Mode#8,Frequency=   3.049e+02Hz
31168, 4.861E+01,Mode#8,Frequency=   3.049e+02Hz
31169, 4.904E+01,Mode#8,Frequency=   3.049e+02Hz
31397, 7.572E+01,Mode#8,Frequency=   3.049e+02Hz
31398, 5.101E+01,Mode#8,Frequency=   3.049e+02Hz
31399, 3.551E+01,Mode#8,Frequency=   3.049e+02Hz
31400, 2.605E+01,Mode#8,Frequency=   3.049e+02Hz
31401, 2.004E+01,Mode#8,Frequency=   3.049e+02Hz
31402, 1.596E+01,Mode#8,Frequency=   3.049e+02Hz
31403, 1.347E+01,Mode#8,Frequency=   3.049e+02Hz
31404, 1.369E+01,Mode#8,Frequency=   3.049e+02Hz
31405, 1.388E+01,Mode#8,Frequency=   3.049e+02Hz
32813, 6.681E+01,Mode#8,Frequency=   3.049e+02Hz
32814, 7.524E+01,Mode#8,Frequency=   3.049e+02Hz
32815, 8.271E+01,Mode#8,Frequency=   3.049e+02Hz
32816, 8.822E+01,Mode#8,Frequency=   3.049e+02Hz
32817, 9.239E+01,Mode#8,Frequency=   3.049e+02Hz
32818, 9.605E+01,Mode#8,Frequency=   3.049e+02Hz
32819, 9.877E+01,Mode#8,Frequency=   3.049e+02Hz
32820, 9.855E+01,Mode#8,Frequency=   3.049e+02Hz
32821, 9.847E+01,Mode#8,Frequency=   3.049e+02Hz
33287, 9.678E+01,Mode#8,Frequency=   3.049e+02Hz
33288, 9.054E+01,Mode#8,Frequency=   3.049e+02Hz
33289, 8.674E+01,Mode#8,Frequency=   3.049e+02Hz
33290, 8.360E+01,Mode#8,Frequency=   3.049e+02Hz
33291, 8.125E+01,Mode#8,Frequency=   3.049e+02Hz
33292, 8.168E+01,Mode#8,Frequency=   3.049e+02Hz
33293, 8.195E+01,Mode#8,Frequency=   3.049e+02Hz
27394, 9.934E+01,Mode#8,Frequency=   3.049e+02Hz
27395, 9.946E+01,Mode#8,Frequency=   3.049e+02Hz
27396, 9.965E+01,Mode#8,Frequency=   3.049e+02Hz
27397, 9.987E+01,Mode#8,Frequency=   3.049e+02Hz
33884, 8.179E+01,Mode#8,Frequency=   3.049e+02Hz
33885, 8.187E+01,Mode#8,Frequency=   3.049e+02Hz
33886, 8.188E+01,Mode#8,Frequency=   3.049e+02Hz
33887, 8.187E+01,Mode#8,Frequency=   3.049e+02Hz
33888, 8.184E+01,Mode#8,Frequency=   3.049e+02Hz
33889, 8.183E+01,Mode#8,Frequency=   3.049e+02Hz
33890, 8.182E+01,Mode#8,Frequency=   3.049e+02Hz
33891, 8.182E+01,Mode#8,Frequency=   3.049e+02Hz
33892, 8.185E+01,Mode#8,Frequency=   3.049e+02Hz
33893, 8.186E+01,Mode#8,Frequency=   3.049e+02Hz
35772, 7.476E+01,Mode#8,Frequency=   3.049e+02Hz
35773, 7.486E+01,Mode#8,Frequency=   3.049e+02Hz
35774, 7.488E+01,Mode#8,Frequency=   3.049e+02Hz
35775, 7.487E+01,Mode#8,Frequency=   3.049e+02Hz
35776, 7.485E+01,Mode#8,Frequency=   3.049e+02Hz
35777, 7.484E+01,Mode#8,Frequency=   3.049e+02Hz
35778, 7.485E+01,Mode#8,Frequency=   3.049e+02Hz
35779, 7.486E+01,Mode#8,Frequency=   3.049e+02Hz
35780, 7.489E+01,Mode#8,Frequency=   3.049e+02Hz
35781, 7.492E+01,Mode#8,Frequency=   3.049e+02Hz
27385, 8.192E+01,Mode#8,Frequency=   3.049e+02Hz
27386, 8.716E+01,Mode#8,Frequency=   3.049e+02Hz
27387, 9.116E+01,Mode#8,Frequency=   3.049e+02Hz
27388, 9.338E+01,Mode#8,Frequency=   3.049e+02Hz
27389, 9.530E+01,Mode#8,Frequency=   3.049e+02Hz
27390, 9.775E+01,Mode#8,Frequency=   3.049e+02Hz
27391, 9.986E+01,Mode#8,Frequency=   3.049e+02Hz
27392, 9.948E+01,Mode#8,Frequency=   3.049e+02Hz
27393, 9.932E+01,Mode#8,Frequency=   3.049e+02Hz
33876, 9.989E+01,Mode#8,Frequency=   3.049e+02Hz
33877, 8.911E+01,Mode#8,Frequency=   3.049e+02Hz
33878, 8.545E+01,Mode#8,Frequency=   3.049e+02Hz
33879, 8.389E+01,Mode#8,Frequency=   3.049e+02Hz
33880, 8.208E+01,Mode#8,Frequency=   3.049e+02Hz
33881, 8.045E+01,Mode#8,Frequency=   3.049e+02Hz
33882, 8.116E+01,Mode#8,Frequency=   3.049e+02Hz
33883, 8.159E+01,Mode#8,Frequency=   3.049e+02Hz
35764, 8.674E+01,Mode#8,Frequency=   3.049e+02Hz
35765, 7.592E+01,Mode#8,Frequency=   3.049e+02Hz
35766, 7.404E+01,Mode#8,Frequency=   3.049e+02Hz
35767, 7.445E+01,Mode#8,Frequency=   3.049e+02Hz
35768, 7.378E+01,Mode#8,Frequency=   3.049e+02Hz
35769, 7.282E+01,Mode#8,Frequency=   3.049e+02Hz
35770, 7.387E+01,Mode#8,Frequency=   3.049e+02Hz
35771, 7.447E+01,Mode#8,Frequency=   3.049e+02Hz
38123, 9.414E+01,Mode#8,Frequency=   3.049e+02Hz
38124, 9.805E+01,Mode#8,Frequency=   3.049e+02Hz
38125, 9.983E+01,Mode#8,Frequency=   3.049e+02Hz
38126, 9.929E+01,Mode#8,Frequency=   3.049e+02Hz
38127, 9.892E+01,Mode#8,Frequency=   3.049e+02Hz
32812, 7.306E+01,Mode#8,Frequency=   3.049e+02Hz
27384, 8.891E+01,Mode#8,Frequency=   3.049e+02Hz
23972, 7.331E+01,Mode#8,Frequency=   3.049e+02Hz
23973, 7.348E+01,Mode#8,Frequency=   3.049e+02Hz
23974, 7.356E+01,Mode#8,Frequency=   3.049e+02Hz
23975, 7.359E+01,Mode#8,Frequency=   3.049e+02Hz
23976, 7.362E+01,Mode#8,Frequency=   3.049e+02Hz
23977, 7.365E+01,Mode#8,Frequency=   3.049e+02Hz
23978, 7.368E+01,Mode#8,Frequency=   3.049e+02Hz
23979, 7.372E+01,Mode#8,Frequency=   3.049e+02Hz
23980, 7.376E+01,Mode#8,Frequency=   3.049e+02Hz
23981, 7.381E+01,Mode#8,Frequency=   3.049e+02Hz
24090, 7.109E+01,Mode#8,Frequency=   3.049e+02Hz
24091, 7.123E+01,Mode#8,Frequency=   3.049e+02Hz
24092, 7.127E+01,Mode#8,Frequency=   3.049e+02Hz
24093, 7.127E+01,Mode#8,Frequency=   3.049e+02Hz
24094, 7.126E+01,Mode#8,Frequency=   3.049e+02Hz
24095, 7.127E+01,Mode#8,Frequency=   3.049e+02Hz
24096, 7.128E+01,Mode#8,Frequency=   3.049e+02Hz
24097, 7.130E+01,Mode#8,Frequency=   3.049e+02Hz
24098, 7.134E+01,Mode#8,Frequency=   3.049e+02Hz
24099, 7.137E+01,Mode#8,Frequency=   3.049e+02Hz
23964, 8.278E+01,Mode#8,Frequency=   3.049e+02Hz
23965, 7.186E+01,Mode#8,Frequency=   3.049e+02Hz
23966, 7.136E+01,Mode#8,Frequency=   3.049e+02Hz
23967, 7.291E+01,Mode#8,Frequency=   3.049e+02Hz
23968, 7.206E+01,Mode#8,Frequency=   3.049e+02Hz
23969, 7.114E+01,Mode#8,Frequency=   3.049e+02Hz
23970, 7.227E+01,Mode#8,Frequency=   3.049e+02Hz
23971, 7.295E+01,Mode#8,Frequency=   3.049e+02Hz
24082, 8.024E+01,Mode#8,Frequency=   3.049e+02Hz
24083, 6.910E+01,Mode#8,Frequency=   3.049e+02Hz
24084, 6.826E+01,Mode#8,Frequency=   3.049e+02Hz
24085, 6.976E+01,Mode#8,Frequency=   3.049e+02Hz
24086, 6.950E+01,Mode#8,Frequency=   3.049e+02Hz
24087, 6.883E+01,Mode#8,Frequency=   3.049e+02Hz
24088, 7.004E+01,Mode#8,Frequency=   3.049e+02Hz
24089, 7.075E+01,Mode#8,Frequency=   3.049e+02Hz
29518, 7.742E+01,Mode#8,Frequency=   3.049e+02Hz
29519, 7.772E+01,Mode#8,Frequency=   3.049e+02Hz
29520, 7.795E+01,Mode#8,Frequency=   3.049e+02Hz
29521, 7.811E+01,Mode#8,Frequency=   3.049e+02Hz
29522, 7.824E+01,Mode#8,Frequency=   3.049e+02Hz
29523, 7.834E+01,Mode#8,Frequency=   3.049e+02Hz
29524, 7.843E+01,Mode#8,Frequency=   3.049e+02Hz
29525, 7.851E+01,Mode#8,Frequency=   3.049e+02Hz
29526, 7.859E+01,Mode#8,Frequency=   3.049e+02Hz
29527, 7.867E+01,Mode#8,Frequency=   3.049e+02Hz
38250, 7.881E+01,Mode#8,Frequency=   3.049e+02Hz
38251, 7.902E+01,Mode#8,Frequency=   3.049e+02Hz
38252, 7.916E+01,Mode#8,Frequency=   3.049e+02Hz
38253, 7.926E+01,Mode#8,Frequency=   3.049e+02Hz
38254, 7.933E+01,Mode#8,Frequency=   3.049e+02Hz
38255, 7.940E+01,Mode#8,Frequency=   3.049e+02Hz
38256, 7.946E+01,Mode#8,Frequency=   3.049e+02Hz
38257, 7.952E+01,Mode#8,Frequency=   3.049e+02Hz
38258, 7.959E+01,Mode#8,Frequency=   3.049e+02Hz
38259, 7.965E+01,Mode#8,Frequency=   3.049e+02Hz
31288, 8.913E+00,Mode#8,Frequency=   3.049e+02Hz
31289, 9.210E+00,Mode#8,Frequency=   3.049e+02Hz
31290, 9.432E+00,Mode#8,Frequency=   3.049e+02Hz
31291, 9.605E+00,Mode#8,Frequency=   3.049e+02Hz
31292, 9.720E+00,Mode#8,Frequency=   3.049e+02Hz
31293, 9.804E+00,Mode#8,Frequency=   3.049e+02Hz
31294, 9.861E+00,Mode#8,Frequency=   3.049e+02Hz
31295, 9.914E+00,Mode#8,Frequency=   3.049e+02Hz
31296, 9.951E+00,Mode#8,Frequency=   3.049e+02Hz
31297, 1.000E+01,Mode#8,Frequency=   3.049e+02Hz
34592, 4.107E+01,Mode#8,Frequency=   3.049e+02Hz
34593, 4.166E+01,Mode#8,Frequency=   3.049e+02Hz
34594, 4.209E+01,Mode#8,Frequency=   3.049e+02Hz
34595, 4.240E+01,Mode#8,Frequency=   3.049e+02Hz
34596, 4.261E+01,Mode#8,Frequency=   3.049e+02Hz
34597, 4.277E+01,Mode#8,Frequency=   3.049e+02Hz
34598, 4.289E+01,Mode#8,Frequency=   3.049e+02Hz
34599, 4.300E+01,Mode#8,Frequency=   3.049e+02Hz
34600, 4.309E+01,Mode#8,Frequency=   3.049e+02Hz
34601, 4.321E+01,Mode#8,Frequency=   3.049e+02Hz
24671, 9.362E+01,Mode#8,Frequency=   3.049e+02Hz
24672, 9.940E+01,Mode#8,Frequency=   3.049e+02Hz
24675, 9.970E+01,Mode#8,Frequency=   3.049e+02Hz
29510, 9.495E+01,Mode#8,Frequency=   3.049e+02Hz
29511, 8.371E+01,Mode#8,Frequency=   3.049e+02Hz
29512, 8.185E+01,Mode#8,Frequency=   3.049e+02Hz
29513, 8.136E+01,Mode#8,Frequency=   3.049e+02Hz
29514, 7.789E+01,Mode#8,Frequency=   3.049e+02Hz
29515, 7.579E+01,Mode#8,Frequency=   3.049e+02Hz
29516, 7.648E+01,Mode#8,Frequency=   3.049e+02Hz
29517, 7.702E+01,Mode#8,Frequency=   3.049e+02Hz
38242, 9.140E+01,Mode#8,Frequency=   3.049e+02Hz
38243, 8.073E+01,Mode#8,Frequency=   3.049e+02Hz
38244, 7.996E+01,Mode#8,Frequency=   3.049e+02Hz
38245, 8.066E+01,Mode#8,Frequency=   3.049e+02Hz
38246, 7.851E+01,Mode#8,Frequency=   3.049e+02Hz
38247, 7.697E+01,Mode#8,Frequency=   3.049e+02Hz
38248, 7.788E+01,Mode#8,Frequency=   3.049e+02Hz
38249, 7.845E+01,Mode#8,Frequency=   3.049e+02Hz
28919, 8.300E+01,Mode#8,Frequency=   3.049e+02Hz
28920, 9.226E+01,Mode#8,Frequency=   3.049e+02Hz
28921, 9.851E+01,Mode#8,Frequency=   3.049e+02Hz
28922, 9.896E+01,Mode#8,Frequency=   3.049e+02Hz
28923, 9.930E+01,Mode#8,Frequency=   3.049e+02Hz
31279, 5.972E+01,Mode#8,Frequency=   3.049e+02Hz
31280, 3.562E+01,Mode#8,Frequency=   3.049e+02Hz
31281, 2.161E+01,Mode#8,Frequency=   3.049e+02Hz
31282, 1.572E+01,Mode#8,Frequency=   3.049e+02Hz
31283, 1.284E+01,Mode#8,Frequency=   3.049e+02Hz
31284, 9.546E+00,Mode#8,Frequency=   3.049e+02Hz
31285, 7.943E+00,Mode#8,Frequency=   3.049e+02Hz
31286, 8.229E+00,Mode#8,Frequency=   3.049e+02Hz
31287, 8.567E+00,Mode#8,Frequency=   3.049e+02Hz
34583, 8.548E+01,Mode#8,Frequency=   3.049e+02Hz
34584, 6.126E+01,Mode#8,Frequency=   3.049e+02Hz
34585, 4.806E+01,Mode#8,Frequency=   3.049e+02Hz
34586, 4.400E+01,Mode#8,Frequency=   3.049e+02Hz
34587, 4.248E+01,Mode#8,Frequency=   3.049e+02Hz
34588, 3.978E+01,Mode#8,Frequency=   3.049e+02Hz
34589, 3.832E+01,Mode#8,Frequency=   3.049e+02Hz
34590, 3.937E+01,Mode#8,Frequency=   3.049e+02Hz
34591, 4.030E+01,Mode#8,Frequency=   3.049e+02Hz
24670, 9.295E+01,Mode#8,Frequency=   3.049e+02Hz
28918, 7.811E+01,Mode#8,Frequency=   3.049e+02Hz
35996, 9.881E+01,Mode#8,Frequency=   3.049e+02Hz
